{
  "baseline": {
    "mean_us": 902.302954,
    "p95_us": 1213.61635,
    "max_us": 3179.583,
    "checksum": 488.615696396213
  },
  "optimized": {
    "mean_us": 650.467581,
    "p95_us": 763.35865,
    "max_us": 1088.042,
    "checksum": 488.615696396213
  },
  "speedup": 1.3871605293731004
}